{
    "@context": "https://schema.org/",
    "@type": "itemList",
    "itemListElement": [
        {
            "@type": "event",
            "@identifier": 0,
            "name": "Circuit",
            "tipusE": "padel",
            "url": "https://torneos.sportelia.es/#/tournaments-details/-NM3FqjuWIzDDjrpcK9T/%3Aembed",
            "image": [
                 "http://localhost/mallorca-sports-center-master/img/events/circuit.jpg"
            ]
         },
         {
            "@type": "event",
            "@identifier": 1,
            "name": "Benefico",
            "tipusE": "padel",
            "url": "https://torneos.sportelia.es/#/tournaments-details/-NU15QXd06OPJrFRdqv7/:embed",
            "image": [
                 "http://localhost/mallorca-sports-center-master/img/events/benefico.jpg"
            ]
         },
         {
            "@type": "event",
            "@identifier": 2,
            "name": "Mediolanum",
            "tipusE": "padel",
            "url": "https://torneos.sportelia.es/#/tournaments-details/-NS-AUAN8A2AchlIVuy-/:embed",
            "image": [
                 "http://localhost/mallorca-sports-center-master/img/events/mediolanum.jpg"
            ]
         },
         {
            "@type": "event",
            "@identifier": 3,
            "name": "U3",
            "tipusE": "padel",
            "url": "https://torneos.sportelia.es/#/tournaments-details/-NUO5-hfYjQCPTwSlpex/:embed",
            "image": [
                 "http://localhost/mallorca-sports-center-master/img/events/U3.jpg"
            ]
         }

    ]
}